Model,Fold,Accuracy,Balanced_Accuracy,Precision_Macro,Recall_Macro,F1_Macro,F1_Weighted,MCC,Cohen_Kappa,ROC_AUC_OVR,ROC_AUC_OVO,PR_AUC,Log_Loss,Brier_Score,Train_Time_s,Pred_Time_s,Errors
HistGB,3,0.9142746897910278,0.8949832234001083,0.9228052517574588,0.8949832234001083,0.907194993867013,0.9143359393095869,0.8750163768298125,0.8738110094486571,0.9817089077348242,0.9838384504338965,0.9418363803772245,0.2526720774006596,,505.0,15.51,21106
XGBoost,3,0.8890233748299181,0.8739902892016815,0.9044342141876308,0.8739902892016815,0.8876030301984936,0.8891344557282621,0.8372108298176828,0.836555212385205,0.9751025559596114,0.9789733535870629,0.9262035737375605,0.31678154406175585,,171.5,1.9,27323
LightGBM,3,0.9052740602343575,0.9098101669737708,0.8687415020614306,0.9098101669737708,0.8846234075122522,0.905403746713281,0.8633326641014761,0.8615061862233123,0.9805985270631903,0.9857560806328227,0.9389950925564234,0.30429760442687104,,147.2,9.59,23322
RandomForest,3,0.8712170752015597,0.8844694493038233,0.8449801879240579,0.8844694493038233,0.8593511678506174,0.8713150572310668,0.8140720301993211,0.8120222614863345,0.9696825034489296,0.9787325612238034,0.9089734064317738,0.5117629554596246,,159.0,2.36,31707
LogisticRegression,3,0.8321033285270405,0.8635341830992079,0.7720506241265586,0.8635341830992079,0.803758417292641,0.8325872011712572,0.7586543768841403,0.7567852152123474,0.9552009168110454,0.9692170789532877,0.851034170848186,0.547943140532535,,388.2,0.51,41337
ExtraTrees,3,0.8090209378363559,0.8394158697476509,0.7813443735931893,0.8394158697476509,0.8004371171677416,0.8109630157760022,0.7267637977795202,0.7235932283928519,0.9542260436629106,0.9671419929597503,0.8674500715014128,0.7196209475435248,,102.9,2.45,47020
ComplementNB,3,0.6719481732702423,0.6438989031694807,0.6784260847332377,0.6438989031694807,0.6511834103114059,0.6734637360327306,0.5239510835759769,0.5229393957057229,0.852272403511779,0.8604687910824586,0.6901302657112345,1.0649524257354723,,18.9,0.48,80768
