Model,Fold,Accuracy,Balanced_Accuracy,Precision_Macro,Recall_Macro,F1_Macro,F1_Weighted,MCC,Cohen_Kappa,ROC_AUC_OVR,ROC_AUC_OVO,PR_AUC,Log_Loss,Brier_Score,Train_Time_s,Pred_Time_s,Errors
HistGB,2,0.9147472880642115,0.8986382099699443,0.9292044380939568,0.8986382099699443,0.91225812790543,0.9149312558420668,0.8744820770125669,0.8735007046961062,0.982054768849234,0.9845282249668988,0.944313902967145,0.2555078685630671,,518.2,15.78,20850
XGBoost,2,0.8964619102331877,0.8816314713692744,0.9118421524699821,0.8816314713692744,0.8947385703188147,0.8967480086101892,0.8479470154791223,0.8466323445002426,0.9759164447864206,0.9799598234642242,0.9264751758971277,0.3174804722358649,,180.9,2.19,25322
LightGBM,2,0.9066472582155402,0.911737571638751,0.8774519804513561,0.911737571638751,0.8913441851384853,0.9068796193848246,0.8640523656973518,0.8624527418751446,0.9812049140442323,0.9864599925671035,0.9392923185408858,0.30570222471760267,,142.3,9.63,22831
RandomForest,2,0.8732576349221277,0.886975220658935,0.8511244557305911,0.886975220658935,0.8647861866227062,0.8735576767364521,0.815386467347987,0.8136510684685585,0.9691191934407929,0.9786591263261866,0.9081263810109519,0.5130311749201357,,162.7,2.5,30997
LogisticRegression,2,0.831101497749083,0.8641179492041647,0.7818116336490503,0.8641179492041647,0.8128977687390622,0.8315434611280677,0.7552081056563315,0.7535481704515805,0.9570659488034986,0.9714377039792857,0.8710720170631785,0.5273262583166776,,384.3,0.53,41307
ExtraTrees,2,0.8005495426611112,0.8384790431240872,0.7844879901433357,0.8384790431240872,0.8028311009278235,0.8026968338266068,0.7141328407544953,0.7098697634745439,0.9538337740916927,0.9671152980669374,0.8649830183261346,0.7217565449329831,,105.5,2.39,48779
ComplementNB,2,0.6690763676211426,0.6441651099333369,0.6914450673244862,0.6441651099333369,0.6536596816661102,0.6721943729901985,0.519144016265819,0.5176951973471342,0.855871431761827,0.8626617788866093,0.6975372470372135,1.0485744889944462,,18.7,0.55,80933
