Model,Fold,Accuracy,Balanced_Accuracy,Precision_Macro,Recall_Macro,F1_Macro,F1_Weighted,MCC,Cohen_Kappa,ROC_AUC_OVR,ROC_AUC_OVO,PR_AUC,Log_Loss,Brier_Score,Train_Time_s,Pred_Time_s,Errors
HistGB,4,0.9091617344849928,0.8881071962993357,0.9288911620303992,0.8881071962993357,0.9063472426444875,0.90970163525657,0.868871367375333,0.8674921451615468,0.9815720916653543,0.9834819100563876,0.9357289282183603,0.26387333137547836,,514.3,15.77,22853
XGBoost,4,0.8912786838329113,0.8704626523669766,0.9100603312721471,0.8704626523669766,0.8881043850662358,0.8919289540161274,0.8428598853135402,0.8414644296478719,0.9763612082453023,0.9795412336573553,0.9262359216343594,0.3164130909397609,,171.3,1.91,27352
LightGBM,4,0.9023765894609646,0.9038326480111364,0.8737337351722273,0.9038326480111364,0.8851708442790807,0.9028896753409444,0.8603493350178861,0.8585016124060311,0.9806279991931357,0.9856042571548711,0.9341520841041533,0.3093369077852024,,141.3,9.66,24560
RandomForest,4,0.8738845452124382,0.8837247002942761,0.852576042874875,0.8837247002942761,0.8636428601284827,0.8739489319087593,0.8197327558646826,0.8177489482038591,0.9709132633816445,0.9788365475408993,0.9112650821210397,0.5049842834020462,,155.3,2.75,31728
ExtraTrees,4,0.8133906248136769,0.8426734149817406,0.7931340771934898,0.8426734149817406,0.809556662103267,0.8147498951275534,0.7353004389871762,0.7322052204857329,0.9552333598459668,0.9675958421261365,0.874207567605319,0.7162491993843672,,101.4,2.26,46947
LogisticRegression,4,0.818605686484166,0.8434556163397453,0.7759215585877917,0.8434556163397453,0.7992450094113334,0.8201106648489158,0.7404714924898053,0.7384222614885629,0.950874017560101,0.9649935525524829,0.8544558756577189,0.5693421273979312,,386.7,0.57,45635
ComplementNB,4,0.6850571788583307,0.6660114558143153,0.7022580558751631,0.6660114558143153,0.6745911303282106,0.686323161475904,0.5472318468325466,0.5459828470449984,0.8571295718437568,0.8662065893109624,0.7103066778680744,1.0571149232085915,,18.6,0.49,79233
