Model,Fold,Accuracy,Balanced_Accuracy,Precision_Macro,Recall_Macro,F1_Macro,F1_Weighted,MCC,Cohen_Kappa,ROC_AUC_OVR,ROC_AUC_OVO,PR_AUC,Log_Loss,Brier_Score,Train_Time_s,Pred_Time_s,Errors
HistGB,1,0.9060724417548681,0.8728064515724959,0.9199903830410131,0.8728064515724959,0.8932055549612008,0.9063295017140112,0.8623542350667108,0.8606473798424731,0.9783470906582267,0.979520186420058,0.9247157005033003,0.28558887269317057,,503.9,15.48,23375
XGBoost,1,0.8897742523969108,0.8579973719928834,0.9108473976101903,0.8579973719928834,0.8808917882145719,0.8902498388662115,0.838539551124481,0.8365330334929848,0.971403232901304,0.9740590640336759,0.9142149571697462,0.3389101193473755,,188.6,2.22,27431
LightGBM,1,0.8970955790759537,0.8874585839817968,0.8656984056266557,0.8874585839817968,0.8712845221027965,0.8975907837772404,0.850695153282518,0.8483848497716685,0.97712937682197,0.9813107329010607,0.92553779125201,0.3248740830601777,,149.9,9.08,25609
RandomForest,1,0.8735202642428334,0.8741148993434307,0.8502501120646142,0.8741148993434307,0.8557650361628122,0.8738210847439409,0.8166064474044605,0.8142171079886222,0.9681552950917226,0.9755635327981038,0.9027606378992162,0.5164143591511431,,161.9,2.4,31476
ExtraTrees,1,0.8117269812185066,0.8331572337680724,0.7854232945183217,0.8331572337680724,0.7984483033992891,0.8136740734126974,0.7296863745482661,0.7265356857751958,0.9549576111216946,0.9665499071938723,0.8644434003926158,0.7241168389926843,,104.9,2.25,46854
LogisticRegression,1,0.8251400374504746,0.8451251567698712,0.7707053901585317,0.8451251567698712,0.7957196623863458,0.8256490477069468,0.7475408949223951,0.7456163437928365,0.9484040235429314,0.9624601965728576,0.8545163960071311,0.5389826181211584,,473.1,0.5,43516
ComplementNB,1,0.6652160635211483,0.642370257429461,0.6830671659877895,0.642370257429461,0.6504200572103658,0.6686334257357824,0.517114274167315,0.515763604995097,0.8594645523814008,0.8671983915152113,0.7066219872970976,1.0572283801136952,,18.6,0.49,83315
