Model,Fold,Accuracy,Balanced_Accuracy,Precision_Macro,Recall_Macro,F1_Macro,F1_Weighted,MCC,Cohen_Kappa,ROC_AUC_OVR,ROC_AUC_OVO,PR_AUC,Log_Loss,Brier_Score,Train_Time_s,Pred_Time_s,Errors
HistGB,0,0.9168947379028195,0.9040685000316596,0.930738235605072,0.9040685000316596,0.9158058662601454,0.9170361958651575,0.8792494756633729,0.878043795957617,0.9833850146274603,0.9858773272518135,0.9457967128638357,0.24671856390042882,,498.4,15.83,20618
XGBoost,0,0.9010137245813096,0.8890475147336888,0.9137099729753102,0.8890475147336888,0.8996496137525147,0.9011742989473248,0.8562476443651466,0.8549034646174447,0.977740307780168,0.9816754768263071,0.9315022646418937,0.3053864678875193,,172.7,1.95,24558
LightGBM,0,0.908152119147907,0.9168487250466038,0.8773273790575727,0.9168487250466038,0.8927008724826493,0.9082899418909626,0.8677649662786802,0.8660202414607902,0.9820509880916299,0.987478006713264,0.9418491348905439,0.2991999875186039,,144.9,8.79,22787
RandomForest,0,0.8779016102702594,0.8951483729849532,0.8530397434614212,0.8951483729849532,0.8683060772199322,0.878063821535501,0.8244194217821408,0.8222896556381016,0.9709370218696398,0.9802586797296484,0.914797621225846,0.5082756447421923,,166.9,2.74,30292
LogisticRegression,0,0.8251677784719563,0.8607974457146165,0.7709451410428036,0.8607974457146165,0.8032308927025493,0.8256732075705693,0.749161370996552,0.7474206216122665,0.953111412418503,0.9685201634691657,0.8624856628375447,0.5587062998689462,,468.0,0.51,43375
ExtraTrees,0,0.8076946331042544,0.8414544163961215,0.7827968847807945,0.8414544163961215,0.8022853509480514,0.8101410995314067,0.725422657166026,0.7223534018555635,0.9533713962420629,0.9669308379729978,0.8643253692851166,0.7270246705844415,,108.1,2.35,47710
ComplementNB,0,0.672270702754993,0.6524833483874759,0.6945378684643735,0.6524833483874759,0.6631919228843393,0.6739307917596908,0.5262568443663378,0.525427681604597,0.8570285828778641,0.865629692024584,0.705893155579712,1.0569140165316269,,19.1,0.48,81308
